variant,trial,failure_class,committed,safe_outcome,residual_effects,unsafe_executions,latency_ms
sequential,0,runtime_exception,False,False,2,0,0.211041
sequential,1,unsafe_path,True,False,0,1,0.104291
sequential,2,runtime_exception,False,False,2,0,0.185459
sequential,3,unsafe_path,True,False,0,1,0.102792
sequential,4,runtime_exception,False,False,2,0,0.181
sequential,5,unsafe_path,True,False,0,1,0.0985
sequential,6,runtime_exception,False,False,2,0,0.184542
sequential,7,unsafe_path,True,False,0,1,0.097958
sequential,8,runtime_exception,False,False,2,0,0.189208
sequential,9,unsafe_path,True,False,0,1,0.095875
sequential,10,runtime_exception,False,False,2,0,0.176041
sequential,11,unsafe_path,True,False,0,1,0.094
sequential,12,runtime_exception,False,False,2,0,0.180708
sequential,13,unsafe_path,True,False,0,1,0.096167
sequential,14,runtime_exception,False,False,2,0,0.268959
sequential,15,unsafe_path,True,False,0,1,0.103041
sequential,16,runtime_exception,False,False,2,0,0.1875
sequential,17,unsafe_path,True,False,0,1,0.098792
sequential,18,runtime_exception,False,False,2,0,0.182792
sequential,19,unsafe_path,True,False,0,1,0.096458
sequential,20,runtime_exception,False,False,2,0,0.172375
sequential,21,unsafe_path,True,False,0,1,0.097375
sequential,22,runtime_exception,False,False,2,0,0.181541
sequential,23,unsafe_path,True,False,0,1,0.105875
sequential,24,runtime_exception,False,False,2,0,0.197542
sequential,25,unsafe_path,True,False,0,1,0.094667
sequential,26,runtime_exception,False,False,2,0,0.174125
sequential,27,unsafe_path,True,False,0,1,0.097542
sequential,28,runtime_exception,False,False,2,0,0.172167
sequential,29,unsafe_path,True,False,0,1,0.094833
sequential,30,runtime_exception,False,False,2,0,0.179542
sequential,31,unsafe_path,True,False,0,1,0.0985
sequential,32,runtime_exception,False,False,2,0,0.180417
sequential,33,unsafe_path,True,False,0,1,0.095084
sequential,34,runtime_exception,False,False,2,0,0.169958
sequential,35,unsafe_path,True,False,0,1,0.096084
sequential,36,runtime_exception,False,False,2,0,0.171125
sequential,37,unsafe_path,True,False,0,1,0.105375
sequential,38,runtime_exception,False,False,2,0,0.240417
sequential,39,unsafe_path,True,False,0,1,0.130125
sequential,40,runtime_exception,False,False,2,0,0.204625
sequential,41,unsafe_path,True,False,0,1,0.097333
sequential,42,runtime_exception,False,False,2,0,0.182875
sequential,43,unsafe_path,True,False,0,1,0.099208
sequential,44,runtime_exception,False,False,2,0,0.197125
sequential,45,unsafe_path,True,False,0,1,0.108125
sequential,46,runtime_exception,False,False,2,0,0.192375
sequential,47,unsafe_path,True,False,0,1,0.096709
sequential,48,runtime_exception,False,False,2,0,0.174667
sequential,49,unsafe_path,True,False,0,1,0.093541
sequential,50,runtime_exception,False,False,2,0,0.173333
sequential,51,unsafe_path,True,False,0,1,0.096125
sequential,52,runtime_exception,False,False,2,0,0.172291
sequential,53,unsafe_path,True,False,0,1,0.107375
sequential,54,runtime_exception,False,False,2,0,0.224375
sequential,55,unsafe_path,True,False,0,1,0.112417
sequential,56,runtime_exception,False,False,2,0,0.217916
sequential,57,unsafe_path,True,False,0,1,0.114958
sequential,58,runtime_exception,False,False,2,0,0.379792
sequential,59,unsafe_path,True,False,0,1,0.108583
sequential,60,runtime_exception,False,False,2,0,0.185792
sequential,61,unsafe_path,True,False,0,1,0.128083
sequential,62,runtime_exception,False,False,2,0,0.199417
sequential,63,unsafe_path,True,False,0,1,0.101667
sequential,64,runtime_exception,False,False,2,0,0.203708
sequential,65,unsafe_path,True,False,0,1,0.094042
sequential,66,runtime_exception,False,False,2,0,0.174042
sequential,67,unsafe_path,True,False,0,1,0.096084
sequential,68,runtime_exception,False,False,2,0,0.184166
sequential,69,unsafe_path,True,False,0,1,0.094167
sequential,70,runtime_exception,False,False,2,0,0.172291
sequential,71,unsafe_path,True,False,0,1,0.095083
sequential,72,runtime_exception,False,False,2,0,0.189166
sequential,73,unsafe_path,True,False,0,1,0.100292
sequential,74,runtime_exception,False,False,2,0,0.190625
sequential,75,unsafe_path,True,False,0,1,0.094291
sequential,76,runtime_exception,False,False,2,0,0.173375
sequential,77,unsafe_path,True,False,0,1,0.107583
sequential,78,runtime_exception,False,False,2,0,0.184292
sequential,79,unsafe_path,True,False,0,1,0.100584
sequential,80,runtime_exception,False,False,2,0,0.168625
sequential,81,unsafe_path,True,False,0,1,0.179625
sequential,82,runtime_exception,False,False,2,0,0.229833
sequential,83,unsafe_path,True,False,0,1,0.111583
sequential,84,runtime_exception,False,False,2,0,0.184166
sequential,85,unsafe_path,True,False,0,1,0.096334
sequential,86,runtime_exception,False,False,2,0,0.176334
sequential,87,unsafe_path,True,False,0,1,0.0995
sequential,88,runtime_exception,False,False,2,0,0.192667
sequential,89,unsafe_path,True,False,0,1,0.095292
sequential,90,runtime_exception,False,False,2,0,0.182167
sequential,91,unsafe_path,True,False,0,1,0.093792
sequential,92,runtime_exception,False,False,2,0,0.171625
sequential,93,unsafe_path,True,False,0,1,0.094792
sequential,94,runtime_exception,False,False,2,0,0.194459
sequential,95,unsafe_path,True,False,0,1,0.097
sequential,96,runtime_exception,False,False,2,0,0.171834
sequential,97,unsafe_path,True,False,0,1,0.094
sequential,98,runtime_exception,False,False,2,0,0.1975
sequential,99,unsafe_path,True,False,0,1,0.098459
sequential,100,runtime_exception,False,False,2,0,0.175584
sequential,101,unsafe_path,True,False,0,1,0.095666
sequential,102,runtime_exception,False,False,2,0,0.185791
sequential,103,unsafe_path,True,False,0,1,0.155208
sequential,104,runtime_exception,False,False,2,0,0.2575
sequential,105,unsafe_path,True,False,0,1,0.121792
sequential,106,runtime_exception,False,False,2,0,0.183417
sequential,107,unsafe_path,True,False,0,1,0.099584
sequential,108,runtime_exception,False,False,2,0,0.187375
sequential,109,unsafe_path,True,False,0,1,0.1065
sequential,110,runtime_exception,False,False,2,0,0.196834
sequential,111,unsafe_path,True,False,0,1,0.107958
sequential,112,runtime_exception,False,False,2,0,0.1975
sequential,113,unsafe_path,True,False,0,1,0.112209
sequential,114,runtime_exception,False,False,2,0,0.213375
sequential,115,unsafe_path,True,False,0,1,0.117833
sequential,116,runtime_exception,False,False,2,0,0.198625
sequential,117,unsafe_path,True,False,0,1,0.094292
sequential,118,runtime_exception,False,False,2,0,0.170792
sequential,119,unsafe_path,True,False,0,1,0.096125
sequential,120,runtime_exception,False,False,2,0,0.189333
sequential,121,unsafe_path,True,False,0,1,0.096291
sequential,122,runtime_exception,False,False,2,0,0.170083
sequential,123,unsafe_path,True,False,0,1,0.102292
sequential,124,runtime_exception,False,False,2,0,0.214375
sequential,125,unsafe_path,True,False,0,1,0.101166
sequential,126,runtime_exception,False,False,2,0,0.196667
sequential,127,unsafe_path,True,False,0,1,0.095917
sequential,128,runtime_exception,False,False,2,0,0.181417
sequential,129,unsafe_path,True,False,0,1,0.099875
sequential,130,runtime_exception,False,False,2,0,0.194625
sequential,131,unsafe_path,True,False,0,1,0.094167
sequential,132,runtime_exception,False,False,2,0,0.185167
sequential,133,unsafe_path,True,False,0,1,0.098542
sequential,134,runtime_exception,False,False,2,0,0.1845
sequential,135,unsafe_path,True,False,0,1,0.094083
sequential,136,runtime_exception,False,False,2,0,0.172417
sequential,137,unsafe_path,True,False,0,1,0.098583
sequential,138,runtime_exception,False,False,2,0,0.193875
sequential,139,unsafe_path,True,False,0,1,0.09525
sequential,140,runtime_exception,False,False,2,0,0.178834
sequential,141,unsafe_path,True,False,0,1,0.095291
sequential,142,runtime_exception,False,False,2,0,0.1835
sequential,143,unsafe_path,True,False,0,1,0.099333
sequential,144,runtime_exception,False,False,2,0,0.182291
sequential,145,unsafe_path,True,False,0,1,0.091875
sequential,146,runtime_exception,False,False,2,0,0.173083
sequential,147,unsafe_path,True,False,0,1,0.114917
sequential,148,runtime_exception,False,False,2,0,0.223
sequential,149,unsafe_path,True,False,0,1,0.105125
sequential,150,runtime_exception,False,False,2,0,0.194375
sequential,151,unsafe_path,True,False,0,1,0.098834
sequential,152,runtime_exception,False,False,2,0,0.186292
sequential,153,unsafe_path,True,False,0,1,0.094833
sequential,154,runtime_exception,False,False,2,0,0.170083
sequential,155,unsafe_path,True,False,0,1,0.092709
sequential,156,runtime_exception,False,False,2,0,0.173875
sequential,157,unsafe_path,True,False,0,1,0.096666
sequential,158,runtime_exception,False,False,2,0,0.170167
sequential,159,unsafe_path,True,False,0,1,0.091458
sequential,160,runtime_exception,False,False,2,0,0.171458
sequential,161,unsafe_path,True,False,0,1,0.093792
sequential,162,runtime_exception,False,False,2,0,0.183208
sequential,163,unsafe_path,True,False,0,1,0.096959
sequential,164,runtime_exception,False,False,2,0,0.204417
sequential,165,unsafe_path,True,False,0,1,0.093542
sequential,166,runtime_exception,False,False,2,0,0.165458
sequential,167,unsafe_path,True,False,0,1,0.095667
sequential,168,runtime_exception,False,False,2,0,0.195625
sequential,169,unsafe_path,True,False,0,1,0.134958
sequential,170,runtime_exception,False,False,2,0,0.227375
sequential,171,unsafe_path,True,False,0,1,0.116208
sequential,172,runtime_exception,False,False,2,0,0.193959
sequential,173,unsafe_path,True,False,0,1,0.106584
sequential,174,runtime_exception,False,False,2,0,0.228583
sequential,175,unsafe_path,True,False,0,1,0.103125
sequential,176,runtime_exception,False,False,2,0,0.179042
sequential,177,unsafe_path,True,False,0,1,0.101792
sequential,178,runtime_exception,False,False,2,0,0.207417
sequential,179,unsafe_path,True,False,0,1,0.092417
sequential,180,runtime_exception,False,False,2,0,0.172125
sequential,181,unsafe_path,True,False,0,1,0.095875
sequential,182,runtime_exception,False,False,2,0,0.179875
sequential,183,unsafe_path,True,False,0,1,0.109167
sequential,184,runtime_exception,False,False,2,0,0.173083
sequential,185,unsafe_path,True,False,0,1,0.0935
sequential,186,runtime_exception,False,False,2,0,0.169584
sequential,187,unsafe_path,True,False,0,1,0.094292
sequential,188,runtime_exception,False,False,2,0,0.170209
sequential,189,unsafe_path,True,False,0,1,0.117167
sequential,190,runtime_exception,False,False,2,0,0.181167
sequential,191,unsafe_path,True,False,0,1,0.112916
sequential,192,runtime_exception,False,False,2,0,0.189792
sequential,193,unsafe_path,True,False,0,1,0.103667
sequential,194,runtime_exception,False,False,2,0,0.196792
sequential,195,unsafe_path,True,False,0,1,0.096084
sequential,196,runtime_exception,False,False,2,0,0.182958
sequential,197,unsafe_path,True,False,0,1,0.10325
sequential,198,runtime_exception,False,False,2,0,0.184125
sequential,199,unsafe_path,True,False,0,1,0.093417
verify_only,0,runtime_exception,False,False,2,0,47.87975
verify_only,1,unsafe_path,False,True,0,0,3.468708
verify_only,2,runtime_exception,False,False,2,0,2.689042
verify_only,3,unsafe_path,False,True,0,0,1.082167
verify_only,4,runtime_exception,False,False,2,0,2.345333
verify_only,5,unsafe_path,False,True,0,0,1.078458
verify_only,6,runtime_exception,False,False,2,0,2.110791
verify_only,7,unsafe_path,False,True,0,0,0.757875
verify_only,8,runtime_exception,False,False,2,0,2.070416
verify_only,9,unsafe_path,False,True,0,0,1.190375
verify_only,10,runtime_exception,False,False,2,0,2.857292
verify_only,11,unsafe_path,False,True,0,0,0.933042
verify_only,12,runtime_exception,False,False,2,0,2.276917
verify_only,13,unsafe_path,False,True,0,0,0.906875
verify_only,14,runtime_exception,False,False,2,0,2.086375
verify_only,15,unsafe_path,False,True,0,0,0.734042
verify_only,16,runtime_exception,False,False,2,0,2.093791
verify_only,17,unsafe_path,False,True,0,0,1.26475
verify_only,18,runtime_exception,False,False,2,0,2.292625
verify_only,19,unsafe_path,False,True,0,0,0.744458
verify_only,20,runtime_exception,False,False,2,0,2.075917
verify_only,21,unsafe_path,False,True,0,0,0.725666
verify_only,22,runtime_exception,False,False,2,0,1.993291
verify_only,23,unsafe_path,False,True,0,0,0.730833
verify_only,24,runtime_exception,False,False,2,0,2.0085
verify_only,25,unsafe_path,False,True,0,0,0.7285
verify_only,26,runtime_exception,False,False,2,0,2.25475
verify_only,27,unsafe_path,False,True,0,0,0.773875
verify_only,28,runtime_exception,False,False,2,0,2.238792
verify_only,29,unsafe_path,False,True,0,0,0.773541
verify_only,30,runtime_exception,False,False,2,0,2.033667
verify_only,31,unsafe_path,False,True,0,0,0.725625
verify_only,32,runtime_exception,False,False,2,0,1.996042
verify_only,33,unsafe_path,False,True,0,0,0.795125
verify_only,34,runtime_exception,False,False,2,0,2.629208
verify_only,35,unsafe_path,False,True,0,0,0.795625
verify_only,36,runtime_exception,False,False,2,0,2.081834
verify_only,37,unsafe_path,False,True,0,0,0.745583
verify_only,38,runtime_exception,False,False,2,0,2.052708
verify_only,39,unsafe_path,False,True,0,0,0.733583
verify_only,40,runtime_exception,False,False,2,0,2.059084
verify_only,41,unsafe_path,False,True,0,0,0.921208
verify_only,42,runtime_exception,False,False,2,0,2.110667
verify_only,43,unsafe_path,False,True,0,0,0.73325
verify_only,44,runtime_exception,False,False,2,0,2.058833
verify_only,45,unsafe_path,False,True,0,0,0.7375
verify_only,46,runtime_exception,False,False,2,0,2.033042
verify_only,47,unsafe_path,False,True,0,0,0.736916
verify_only,48,runtime_exception,False,False,2,0,2.0285
verify_only,49,unsafe_path,False,True,0,0,0.931875
verify_only,50,runtime_exception,False,False,2,0,2.618959
verify_only,51,unsafe_path,False,True,0,0,0.782833
verify_only,52,runtime_exception,False,False,2,0,2.075958
verify_only,53,unsafe_path,False,True,0,0,0.729625
verify_only,54,runtime_exception,False,False,2,0,2.016875
verify_only,55,unsafe_path,False,True,0,0,0.72575
verify_only,56,runtime_exception,False,False,2,0,2.057875
verify_only,57,unsafe_path,False,True,0,0,0.935375
verify_only,58,runtime_exception,False,False,2,0,2.120292
verify_only,59,unsafe_path,False,True,0,0,0.792291
verify_only,60,runtime_exception,False,False,2,0,2.123375
verify_only,61,unsafe_path,False,True,0,0,0.742333
verify_only,62,runtime_exception,False,False,2,0,2.066416
verify_only,63,unsafe_path,False,True,0,0,0.730833
verify_only,64,runtime_exception,False,False,2,0,2.044042
verify_only,65,unsafe_path,False,True,0,0,0.918291
verify_only,66,runtime_exception,False,False,2,0,2.083375
verify_only,67,unsafe_path,False,True,0,0,0.769125
verify_only,68,runtime_exception,False,False,2,0,2.044167
verify_only,69,unsafe_path,False,True,0,0,0.719208
verify_only,70,runtime_exception,False,False,2,0,2.054417
verify_only,71,unsafe_path,False,True,0,0,0.743833
verify_only,72,runtime_exception,False,False,2,0,1.984083
verify_only,73,unsafe_path,False,True,0,0,0.889667
verify_only,74,runtime_exception,False,False,2,0,2.498833
verify_only,75,unsafe_path,False,True,0,0,0.797084
verify_only,76,runtime_exception,False,False,2,0,2.124416
verify_only,77,unsafe_path,False,True,0,0,0.736292
verify_only,78,runtime_exception,False,False,2,0,2.037792
verify_only,79,unsafe_path,False,True,0,0,0.731708
verify_only,80,runtime_exception,False,False,2,0,2.046334
verify_only,81,unsafe_path,False,True,0,0,0.929375
verify_only,82,runtime_exception,False,False,2,0,2.143875
verify_only,83,unsafe_path,False,True,0,0,0.739292
verify_only,84,runtime_exception,False,False,2,0,2.042334
verify_only,85,unsafe_path,False,True,0,0,0.7305
verify_only,86,runtime_exception,False,False,2,0,2.046542
verify_only,87,unsafe_path,False,True,0,0,0.742
verify_only,88,runtime_exception,False,False,2,0,2.070917
verify_only,89,unsafe_path,False,True,0,0,1.804042
verify_only,90,runtime_exception,False,False,2,0,2.695292
verify_only,91,unsafe_path,False,True,0,0,0.790042
verify_only,92,runtime_exception,False,False,2,0,2.490542
verify_only,93,unsafe_path,False,True,0,0,0.780958
verify_only,94,runtime_exception,False,False,2,0,2.121041
verify_only,95,unsafe_path,False,True,0,0,0.998417
verify_only,96,runtime_exception,False,False,2,0,2.247125
verify_only,97,unsafe_path,False,True,0,0,0.772667
verify_only,98,runtime_exception,False,False,2,0,2.053583
verify_only,99,unsafe_path,False,True,0,0,0.758625
verify_only,100,runtime_exception,False,False,2,0,2.048625
verify_only,101,unsafe_path,False,True,0,0,0.732167
verify_only,102,runtime_exception,False,False,2,0,2.017042
verify_only,103,unsafe_path,False,True,0,0,0.888959
verify_only,104,runtime_exception,False,False,2,0,2.126917
verify_only,105,unsafe_path,False,True,0,0,0.738958
verify_only,106,runtime_exception,False,False,2,0,2.052916
verify_only,107,unsafe_path,False,True,0,0,0.715458
verify_only,108,runtime_exception,False,False,2,0,2.049208
verify_only,109,unsafe_path,False,True,0,0,0.72475
verify_only,110,runtime_exception,False,False,2,0,2.033375
verify_only,111,unsafe_path,False,True,0,0,0.885291
verify_only,112,runtime_exception,False,False,2,0,2.441166
verify_only,113,unsafe_path,False,True,0,0,0.7645
verify_only,114,runtime_exception,False,False,2,0,2.08875
verify_only,115,unsafe_path,False,True,0,0,0.735416
verify_only,116,runtime_exception,False,False,2,0,2.087583
verify_only,117,unsafe_path,False,True,0,0,0.774208
verify_only,118,runtime_exception,False,False,2,0,2.072458
verify_only,119,unsafe_path,False,True,0,0,0.944959
verify_only,120,runtime_exception,False,False,2,0,2.4745
verify_only,121,unsafe_path,False,True,0,0,0.781958
verify_only,122,runtime_exception,False,False,2,0,2.050583
verify_only,123,unsafe_path,False,True,0,0,0.734667
verify_only,124,runtime_exception,False,False,2,0,2.067416
verify_only,125,unsafe_path,False,True,0,0,0.723
verify_only,126,runtime_exception,False,False,2,0,2.064667
verify_only,127,unsafe_path,False,True,0,0,1.098667
verify_only,128,runtime_exception,False,False,2,0,2.183292
verify_only,129,unsafe_path,False,True,0,0,0.741458
verify_only,130,runtime_exception,False,False,2,0,2.071167
verify_only,131,unsafe_path,False,True,0,0,0.743084
verify_only,132,runtime_exception,False,False,2,0,2.025833
verify_only,133,unsafe_path,False,True,0,0,0.723416
verify_only,134,runtime_exception,False,False,2,0,2.149458
verify_only,135,unsafe_path,False,True,0,0,0.973333
verify_only,136,runtime_exception,False,False,2,0,2.437709
verify_only,137,unsafe_path,False,True,0,0,0.7895
verify_only,138,runtime_exception,False,False,2,0,2.053459
verify_only,139,unsafe_path,False,True,0,0,0.750375
verify_only,140,runtime_exception,False,False,2,0,2.263584
verify_only,141,unsafe_path,False,True,0,0,0.736791
verify_only,142,runtime_exception,False,False,2,0,2.646292
verify_only,143,unsafe_path,False,True,0,0,0.810416
verify_only,144,runtime_exception,False,False,2,0,2.057875
verify_only,145,unsafe_path,False,True,0,0,0.725834
verify_only,146,runtime_exception,False,False,2,0,2.009917
verify_only,147,unsafe_path,False,True,0,0,0.741167
verify_only,148,runtime_exception,False,False,2,0,2.11175
verify_only,149,unsafe_path,False,True,0,0,0.733375
verify_only,150,runtime_exception,False,False,2,0,2.498625
verify_only,151,unsafe_path,False,True,0,0,0.774667
verify_only,152,runtime_exception,False,False,2,0,2.005584
verify_only,153,unsafe_path,False,True,0,0,0.740833
verify_only,154,runtime_exception,False,False,2,0,2.044084
verify_only,155,unsafe_path,False,True,0,0,0.782
verify_only,156,runtime_exception,False,False,2,0,2.088875
verify_only,157,unsafe_path,False,True,0,0,0.7295
verify_only,158,runtime_exception,False,False,2,0,2.762417
verify_only,159,unsafe_path,False,True,0,0,0.810708
verify_only,160,runtime_exception,False,False,2,0,2.088375
verify_only,161,unsafe_path,False,True,0,0,0.732208
verify_only,162,runtime_exception,False,False,2,0,2.035958
verify_only,163,unsafe_path,False,True,0,0,0.731
verify_only,164,runtime_exception,False,False,2,0,2.098041
verify_only,165,unsafe_path,False,True,0,0,0.869334
verify_only,166,runtime_exception,False,False,2,0,2.475958
verify_only,167,unsafe_path,False,True,0,0,0.771708
verify_only,168,runtime_exception,False,False,2,0,2.051958
verify_only,169,unsafe_path,False,True,0,0,0.727666
verify_only,170,runtime_exception,False,False,2,0,2.012166
verify_only,171,unsafe_path,False,True,0,0,0.7165
verify_only,172,runtime_exception,False,False,2,0,1.991333
verify_only,173,unsafe_path,False,True,0,0,0.835834
verify_only,174,runtime_exception,False,False,2,0,2.44325
verify_only,175,unsafe_path,False,True,0,0,0.800542
verify_only,176,runtime_exception,False,False,2,0,2.095333
verify_only,177,unsafe_path,False,True,0,0,0.736958
verify_only,178,runtime_exception,False,False,2,0,2.0325
verify_only,179,unsafe_path,False,True,0,0,0.731417
verify_only,180,runtime_exception,False,False,2,0,2.04975
verify_only,181,unsafe_path,False,True,0,0,0.955417
verify_only,182,runtime_exception,False,False,2,0,2.308
verify_only,183,unsafe_path,False,True,0,0,0.751166
verify_only,184,runtime_exception,False,False,2,0,2.039041
verify_only,185,unsafe_path,False,True,0,0,0.725209
verify_only,186,runtime_exception,False,False,2,0,2.022458
verify_only,187,unsafe_path,False,True,0,0,0.722541
verify_only,188,runtime_exception,False,False,2,0,2.0305
verify_only,189,unsafe_path,False,True,0,0,1.056292
verify_only,190,runtime_exception,False,False,2,0,2.25825
verify_only,191,unsafe_path,False,True,0,0,0.747209
verify_only,192,runtime_exception,False,False,2,0,2.151583
verify_only,193,unsafe_path,False,True,0,0,0.768958
verify_only,194,runtime_exception,False,False,2,0,2.038208
verify_only,195,unsafe_path,False,True,0,0,0.735
verify_only,196,runtime_exception,False,False,2,0,2.159167
verify_only,197,unsafe_path,False,True,0,0,1.001542
verify_only,198,runtime_exception,False,False,2,0,2.135167
verify_only,199,unsafe_path,False,True,0,0,0.733959
saga_only,0,runtime_exception,False,True,0,0,0.304666
saga_only,1,unsafe_path,True,False,0,1,0.157
saga_only,2,runtime_exception,False,True,0,0,0.291834
saga_only,3,unsafe_path,True,False,0,1,0.104291
saga_only,4,runtime_exception,False,True,0,0,0.324125
saga_only,5,unsafe_path,True,False,0,1,0.096041
saga_only,6,runtime_exception,False,True,0,0,0.302041
saga_only,7,unsafe_path,True,False,0,1,0.095041
saga_only,8,runtime_exception,False,True,0,0,0.301416
saga_only,9,unsafe_path,True,False,0,1,0.100292
saga_only,10,runtime_exception,False,True,0,0,0.29575
saga_only,11,unsafe_path,True,False,0,1,0.095333
saga_only,12,runtime_exception,False,True,0,0,0.272917
saga_only,13,unsafe_path,True,False,0,1,0.124209
saga_only,14,runtime_exception,False,True,0,0,0.3445
saga_only,15,unsafe_path,True,False,0,1,0.1145
saga_only,16,runtime_exception,False,True,0,0,0.2775
saga_only,17,unsafe_path,True,False,0,1,0.099125
saga_only,18,runtime_exception,False,True,0,0,0.277958
saga_only,19,unsafe_path,True,False,0,1,0.093333
saga_only,20,runtime_exception,False,True,0,0,0.304166
saga_only,21,unsafe_path,True,False,0,1,0.1
saga_only,22,runtime_exception,False,True,0,0,0.273416
saga_only,23,unsafe_path,True,False,0,1,0.095333
saga_only,24,runtime_exception,False,True,0,0,0.435125
saga_only,25,unsafe_path,True,False,0,1,0.115417
saga_only,26,runtime_exception,False,True,0,0,0.303
saga_only,27,unsafe_path,True,False,0,1,0.118583
saga_only,28,runtime_exception,False,True,0,0,0.317334
saga_only,29,unsafe_path,True,False,0,1,0.117208
saga_only,30,runtime_exception,False,True,0,0,0.35475
saga_only,31,unsafe_path,True,False,0,1,0.105625
saga_only,32,runtime_exception,False,True,0,0,0.338625
saga_only,33,unsafe_path,True,False,0,1,0.127583
saga_only,34,runtime_exception,False,True,0,0,0.355084
saga_only,35,unsafe_path,True,False,0,1,0.101167
saga_only,36,runtime_exception,False,True,0,0,0.297334
saga_only,37,unsafe_path,True,False,0,1,0.0955
saga_only,38,runtime_exception,False,True,0,0,0.272625
saga_only,39,unsafe_path,True,False,0,1,0.094125
saga_only,40,runtime_exception,False,True,0,0,0.272291
saga_only,41,unsafe_path,True,False,0,1,0.120041
saga_only,42,runtime_exception,False,True,0,0,0.269208
saga_only,43,unsafe_path,True,False,0,1,0.094875
saga_only,44,runtime_exception,False,True,0,0,0.267792
saga_only,45,unsafe_path,True,False,0,1,0.097167
saga_only,46,runtime_exception,False,True,0,0,0.272875
saga_only,47,unsafe_path,True,False,0,1,0.09475
saga_only,48,runtime_exception,False,True,0,0,0.264208
saga_only,49,unsafe_path,True,False,0,1,0.1165
saga_only,50,runtime_exception,False,True,0,0,0.336417
saga_only,51,unsafe_path,True,False,0,1,0.110042
saga_only,52,runtime_exception,False,True,0,0,0.27425
saga_only,53,unsafe_path,True,False,0,1,0.115791
saga_only,54,runtime_exception,False,True,0,0,0.444875
saga_only,55,unsafe_path,True,False,0,1,0.107666
saga_only,56,runtime_exception,False,True,0,0,0.3555
saga_only,57,unsafe_path,True,False,0,1,0.100209
saga_only,58,runtime_exception,False,True,0,0,0.273291
saga_only,59,unsafe_path,True,False,0,1,0.094
saga_only,60,runtime_exception,False,True,0,0,0.273583
saga_only,61,unsafe_path,True,False,0,1,0.099
saga_only,62,runtime_exception,False,True,0,0,0.263917
saga_only,63,unsafe_path,True,False,0,1,0.093792
saga_only,64,runtime_exception,False,True,0,0,0.271041
saga_only,65,unsafe_path,True,False,0,1,0.095625
saga_only,66,runtime_exception,False,True,0,0,0.265209
saga_only,67,unsafe_path,True,False,0,1,0.092375
saga_only,68,runtime_exception,False,True,0,0,0.2735
saga_only,69,unsafe_path,True,False,0,1,0.09575
saga_only,70,runtime_exception,False,True,0,0,0.29875
saga_only,71,unsafe_path,True,False,0,1,0.098958
saga_only,72,runtime_exception,False,True,0,0,0.283833
saga_only,73,unsafe_path,True,False,0,1,0.098125
saga_only,74,runtime_exception,False,True,0,0,0.306625
saga_only,75,unsafe_path,True,False,0,1,0.094292
saga_only,76,runtime_exception,False,True,0,0,0.30475
saga_only,77,unsafe_path,True,False,0,1,0.202292
saga_only,78,runtime_exception,False,True,0,0,0.324292
saga_only,79,unsafe_path,True,False,0,1,0.099916
saga_only,80,runtime_exception,False,True,0,0,0.286125
saga_only,81,unsafe_path,True,False,0,1,0.104458
saga_only,82,runtime_exception,False,True,0,0,0.325708
saga_only,83,unsafe_path,True,False,0,1,0.128417
saga_only,84,runtime_exception,False,True,0,0,0.32025
saga_only,85,unsafe_path,True,False,0,1,0.109042
saga_only,86,runtime_exception,False,True,0,0,0.323833
saga_only,87,unsafe_path,True,False,0,1,0.105083
saga_only,88,runtime_exception,False,True,0,0,0.277708
saga_only,89,unsafe_path,True,False,0,1,0.108875
saga_only,90,runtime_exception,False,True,0,0,0.310458
saga_only,91,unsafe_path,True,False,0,1,0.092666
saga_only,92,runtime_exception,False,True,0,0,0.271125
saga_only,93,unsafe_path,True,False,0,1,0.0965
saga_only,94,runtime_exception,False,True,0,0,0.28625
saga_only,95,unsafe_path,True,False,0,1,0.093
saga_only,96,runtime_exception,False,True,0,0,0.318958
saga_only,97,unsafe_path,True,False,0,1,0.127584
saga_only,98,runtime_exception,False,True,0,0,0.317084
saga_only,99,unsafe_path,True,False,0,1,0.100084
saga_only,100,runtime_exception,False,True,0,0,0.277125
saga_only,101,unsafe_path,True,False,0,1,0.1
saga_only,102,runtime_exception,False,True,0,0,0.278
saga_only,103,unsafe_path,True,False,0,1,0.102458
saga_only,104,runtime_exception,False,True,0,0,0.280375
saga_only,105,unsafe_path,True,False,0,1,0.113417
saga_only,106,runtime_exception,False,True,0,0,0.394417
saga_only,107,unsafe_path,True,False,0,1,0.106041
saga_only,108,runtime_exception,False,True,0,0,0.389541
saga_only,109,unsafe_path,True,False,0,1,0.143125
saga_only,110,runtime_exception,False,True,0,0,0.290041
saga_only,111,unsafe_path,True,False,0,1,0.097583
saga_only,112,runtime_exception,False,True,0,0,0.2825
saga_only,113,unsafe_path,True,False,0,1,0.099917
saga_only,114,runtime_exception,False,True,0,0,0.29275
saga_only,115,unsafe_path,True,False,0,1,0.103541
saga_only,116,runtime_exception,False,True,0,0,0.288041
saga_only,117,unsafe_path,True,False,0,1,0.157167
saga_only,118,runtime_exception,False,True,0,0,0.39525
saga_only,119,unsafe_path,True,False,0,1,0.107916
saga_only,120,runtime_exception,False,True,0,0,0.288125
saga_only,121,unsafe_path,True,False,0,1,0.098959
saga_only,122,runtime_exception,False,True,0,0,0.283125
saga_only,123,unsafe_path,True,False,0,1,0.094791
saga_only,124,runtime_exception,False,True,0,0,0.284375
saga_only,125,unsafe_path,True,False,0,1,0.096958
saga_only,126,runtime_exception,False,True,0,0,0.309916
saga_only,127,unsafe_path,True,False,0,1,0.097042
saga_only,128,runtime_exception,False,True,0,0,0.267333
saga_only,129,unsafe_path,True,False,0,1,0.094916
saga_only,130,runtime_exception,False,True,0,0,0.27575
saga_only,131,unsafe_path,True,False,0,1,0.093042
saga_only,132,runtime_exception,False,True,0,0,0.274417
saga_only,133,unsafe_path,True,False,0,1,0.104208
saga_only,134,runtime_exception,False,True,0,0,0.375042
saga_only,135,unsafe_path,True,False,0,1,0.117834
saga_only,136,runtime_exception,False,True,0,0,0.293042
saga_only,137,unsafe_path,True,False,0,1,0.09875
saga_only,138,runtime_exception,False,True,0,0,0.297667
saga_only,139,unsafe_path,True,False,0,1,0.299875
saga_only,140,runtime_exception,False,True,0,0,0.361875
saga_only,141,unsafe_path,True,False,0,1,0.12025
saga_only,142,runtime_exception,False,True,0,0,0.382084
saga_only,143,unsafe_path,True,False,0,1,0.183416
saga_only,144,runtime_exception,False,True,0,0,0.328042
saga_only,145,unsafe_path,True,False,0,1,0.107084
saga_only,146,runtime_exception,False,True,0,0,0.311875
saga_only,147,unsafe_path,True,False,0,1,0.10325
saga_only,148,runtime_exception,False,True,0,0,0.276708
saga_only,149,unsafe_path,True,False,0,1,0.095084
saga_only,150,runtime_exception,False,True,0,0,0.267666
saga_only,151,unsafe_path,True,False,0,1,0.097958
saga_only,152,runtime_exception,False,True,0,0,0.284167
saga_only,153,unsafe_path,True,False,0,1,0.094458
saga_only,154,runtime_exception,False,True,0,0,0.304208
saga_only,155,unsafe_path,True,False,0,1,0.093083
saga_only,156,runtime_exception,False,True,0,0,0.272333
saga_only,157,unsafe_path,True,False,0,1,0.103041
saga_only,158,runtime_exception,False,True,0,0,0.375333
saga_only,159,unsafe_path,True,False,0,1,0.106209
saga_only,160,runtime_exception,False,True,0,0,0.294209
saga_only,161,unsafe_path,True,False,0,1,0.102125
saga_only,162,runtime_exception,False,True,0,0,0.288458
saga_only,163,unsafe_path,True,False,0,1,0.132625
saga_only,164,runtime_exception,False,True,0,0,0.29175
saga_only,165,unsafe_path,True,False,0,1,0.239209
saga_only,166,runtime_exception,False,True,0,0,0.298208
saga_only,167,unsafe_path,True,False,0,1,0.105667
saga_only,168,runtime_exception,False,True,0,0,0.279292
saga_only,169,unsafe_path,True,False,0,1,0.095083
saga_only,170,runtime_exception,False,True,0,0,0.297458
saga_only,171,unsafe_path,True,False,0,1,0.101584
saga_only,172,runtime_exception,False,True,0,0,0.286375
saga_only,173,unsafe_path,True,False,0,1,0.095584
saga_only,174,runtime_exception,False,True,0,0,0.285417
saga_only,175,unsafe_path,True,False,0,1,0.095792
saga_only,176,runtime_exception,False,True,0,0,0.273875
saga_only,177,unsafe_path,True,False,0,1,0.094333
saga_only,178,runtime_exception,False,True,0,0,0.270833
saga_only,179,unsafe_path,True,False,0,1,0.127834
saga_only,180,runtime_exception,False,True,0,0,0.299709
saga_only,181,unsafe_path,True,False,0,1,0.100125
saga_only,182,runtime_exception,False,True,0,0,0.46725
saga_only,183,unsafe_path,True,False,0,1,0.118375
saga_only,184,runtime_exception,False,True,0,0,0.29175
saga_only,185,unsafe_path,True,False,0,1,0.09425
saga_only,186,runtime_exception,False,True,0,0,0.272167
saga_only,187,unsafe_path,True,False,0,1,0.104208
saga_only,188,runtime_exception,False,True,0,0,0.266958
saga_only,189,unsafe_path,True,False,0,1,0.25275
saga_only,190,runtime_exception,False,True,0,0,0.311875
saga_only,191,unsafe_path,True,False,0,1,0.098292
saga_only,192,runtime_exception,False,True,0,0,0.300208
saga_only,193,unsafe_path,True,False,0,1,0.109709
saga_only,194,runtime_exception,False,True,0,0,0.309083
saga_only,195,unsafe_path,True,False,0,1,0.113458
saga_only,196,runtime_exception,False,True,0,0,0.277125
saga_only,197,unsafe_path,True,False,0,1,0.108875
saga_only,198,runtime_exception,False,True,0,0,0.302959
saga_only,199,unsafe_path,True,False,0,1,0.132167
full,0,runtime_exception,False,True,0,0,2.595875
full,1,unsafe_path,False,True,0,0,1.124375
full,2,runtime_exception,False,True,0,0,2.826625
full,3,unsafe_path,False,True,0,0,0.817917
full,4,runtime_exception,False,True,0,0,2.250583
full,5,unsafe_path,False,True,0,0,0.791
full,6,runtime_exception,False,True,0,0,3.414292
full,7,unsafe_path,False,True,0,0,1.01775
full,8,runtime_exception,False,True,0,0,2.339333
full,9,unsafe_path,False,True,0,0,0.7685
full,10,runtime_exception,False,True,0,0,2.232333
full,11,unsafe_path,False,True,0,0,0.80575
full,12,runtime_exception,False,True,0,0,2.246541
full,13,unsafe_path,False,True,0,0,1.17925
full,14,runtime_exception,False,True,0,0,2.765458
full,15,unsafe_path,False,True,0,0,0.791125
full,16,runtime_exception,False,True,0,0,2.175791
full,17,unsafe_path,False,True,0,0,0.791333
full,18,runtime_exception,False,True,0,0,2.729709
full,19,unsafe_path,False,True,0,0,0.8825
full,20,runtime_exception,False,True,0,0,3.226458
full,21,unsafe_path,False,True,0,0,0.928875
full,22,runtime_exception,False,True,0,0,2.241333
full,23,unsafe_path,False,True,0,0,0.757834
full,24,runtime_exception,False,True,0,0,2.193708
full,25,unsafe_path,False,True,0,0,0.750958
full,26,runtime_exception,False,True,0,0,2.790042
full,27,unsafe_path,False,True,0,0,1.026042
full,28,runtime_exception,False,True,0,0,2.601042
full,29,unsafe_path,False,True,0,0,0.781417
full,30,runtime_exception,False,True,0,0,2.183333
full,31,unsafe_path,False,True,0,0,0.756375
full,32,runtime_exception,False,True,0,0,2.233459
full,33,unsafe_path,False,True,0,0,0.753458
full,34,runtime_exception,False,True,0,0,3.007708
full,35,unsafe_path,False,True,0,0,0.849833
full,36,runtime_exception,False,True,0,0,2.294042
full,37,unsafe_path,False,True,0,0,0.741833
full,38,runtime_exception,False,True,0,0,2.183625
full,39,unsafe_path,False,True,0,0,0.745667
full,40,runtime_exception,False,True,0,0,2.201167
full,41,unsafe_path,False,True,0,0,1.050833
full,42,runtime_exception,False,True,0,0,2.595958
full,43,unsafe_path,False,True,0,0,0.771292
full,44,runtime_exception,False,True,0,0,2.170333
full,45,unsafe_path,False,True,0,0,0.722542
full,46,runtime_exception,False,True,0,0,2.148125
full,47,unsafe_path,False,True,0,0,0.731959
full,48,runtime_exception,False,True,0,0,2.328625
full,49,unsafe_path,False,True,0,0,1.012666
full,50,runtime_exception,False,True,0,0,2.391958
full,51,unsafe_path,False,True,0,0,0.765041
full,52,runtime_exception,False,True,0,0,2.135791
full,53,unsafe_path,False,True,0,0,0.723459
full,54,runtime_exception,False,True,0,0,2.1075
full,55,unsafe_path,False,True,0,0,0.728083
full,56,runtime_exception,False,True,0,0,2.375167
full,57,unsafe_path,False,True,0,0,1.078167
full,58,runtime_exception,False,True,0,0,2.245208
full,59,unsafe_path,False,True,0,0,0.743083
full,60,runtime_exception,False,True,0,0,2.141709
full,61,unsafe_path,False,True,0,0,0.724291
full,62,runtime_exception,False,True,0,0,2.17875
full,63,unsafe_path,False,True,0,0,0.856541
full,64,runtime_exception,False,True,0,0,3.070083
full,65,unsafe_path,False,True,0,0,0.864459
full,66,runtime_exception,False,True,0,0,2.207625
full,67,unsafe_path,False,True,0,0,0.725792
full,68,runtime_exception,False,True,0,0,2.265333
full,69,unsafe_path,False,True,0,0,0.735708
full,70,runtime_exception,False,True,0,0,2.232542
full,71,unsafe_path,False,True,0,0,1.062833
full,72,runtime_exception,False,True,0,0,2.699042
full,73,unsafe_path,False,True,0,0,0.758583
full,74,runtime_exception,False,True,0,0,2.120166
full,75,unsafe_path,False,True,0,0,0.726125
full,76,runtime_exception,False,True,0,0,2.12975
full,77,unsafe_path,False,True,0,0,0.711542
full,78,runtime_exception,False,True,0,0,2.175584
full,79,unsafe_path,False,True,0,0,1.057042
full,80,runtime_exception,False,True,0,0,2.354583
full,81,unsafe_path,False,True,0,0,0.760916
full,82,runtime_exception,False,True,0,0,2.126667
full,83,unsafe_path,False,True,0,0,0.729917
full,84,runtime_exception,False,True,0,0,2.141334
full,85,unsafe_path,False,True,0,0,0.772167
full,86,runtime_exception,False,True,0,0,2.637042
full,87,unsafe_path,False,True,0,0,1.154333
full,88,runtime_exception,False,True,0,0,2.324458
full,89,unsafe_path,False,True,0,0,0.793875
full,90,runtime_exception,False,True,0,0,2.191375
full,91,unsafe_path,False,True,0,0,0.749917
full,92,runtime_exception,False,True,0,0,2.302459
full,93,unsafe_path,False,True,0,0,0.787625
full,94,runtime_exception,False,True,0,0,2.929625
full,95,unsafe_path,False,True,0,0,0.961792
full,96,runtime_exception,False,True,0,0,2.241667
full,97,unsafe_path,False,True,0,0,0.725708
full,98,runtime_exception,False,True,0,0,2.16
full,99,unsafe_path,False,True,0,0,0.735917
full,100,runtime_exception,False,True,0,0,2.199459
full,101,unsafe_path,False,True,0,0,1.00975
full,102,runtime_exception,False,True,0,0,2.748083
full,103,unsafe_path,False,True,0,0,0.78025
full,104,runtime_exception,False,True,0,0,2.196166
full,105,unsafe_path,False,True,0,0,0.732625
full,106,runtime_exception,False,True,0,0,2.161416
full,107,unsafe_path,False,True,0,0,0.746875
full,108,runtime_exception,False,True,0,0,2.184958
full,109,unsafe_path,False,True,0,0,1.153958
full,110,runtime_exception,False,True,0,0,2.264375
full,111,unsafe_path,False,True,0,0,0.745834
full,112,runtime_exception,False,True,0,0,2.306417
full,113,unsafe_path,False,True,0,0,0.773458
full,114,runtime_exception,False,True,0,0,2.339833
full,115,unsafe_path,False,True,0,0,0.736416
full,116,runtime_exception,False,True,0,0,2.585375
full,117,unsafe_path,False,True,0,0,0.772
full,118,runtime_exception,False,True,0,0,2.176416
full,119,unsafe_path,False,True,0,0,0.837625
full,120,runtime_exception,False,True,0,0,2.432833
full,121,unsafe_path,False,True,0,0,0.773125
full,122,runtime_exception,False,True,0,0,2.151167
full,123,unsafe_path,False,True,0,0,0.732209
full,124,runtime_exception,False,True,0,0,2.778791
full,125,unsafe_path,False,True,0,0,0.756917
full,126,runtime_exception,False,True,0,0,2.401792
full,127,unsafe_path,False,True,0,0,0.86825
full,128,runtime_exception,False,True,0,0,2.233542
full,129,unsafe_path,False,True,0,0,0.734125
full,130,runtime_exception,False,True,0,0,2.139458
full,131,unsafe_path,False,True,0,0,0.866958
full,132,runtime_exception,False,True,0,0,2.143625
full,133,unsafe_path,False,True,0,0,0.748917
full,134,runtime_exception,False,True,0,0,2.582458
full,135,unsafe_path,False,True,0,0,0.81675
full,136,runtime_exception,False,True,0,0,2.203459
full,137,unsafe_path,False,True,0,0,0.756291
full,138,runtime_exception,False,True,0,0,2.171375
full,139,unsafe_path,False,True,0,0,0.928958
full,140,runtime_exception,False,True,0,0,2.261542
full,141,unsafe_path,False,True,0,0,0.743167
full,142,runtime_exception,False,True,0,0,2.413166
full,143,unsafe_path,False,True,0,0,0.778667
full,144,runtime_exception,False,True,0,0,2.178375
full,145,unsafe_path,False,True,0,0,0.7235
full,146,runtime_exception,False,True,0,0,2.133875
full,147,unsafe_path,False,True,0,0,0.902417
full,148,runtime_exception,False,True,0,0,2.199167
full,149,unsafe_path,False,True,0,0,0.789958
full,150,runtime_exception,False,True,0,0,2.92125
full,151,unsafe_path,False,True,0,0,0.821792
full,152,runtime_exception,False,True,0,0,2.205
full,153,unsafe_path,False,True,0,0,0.735
full,154,runtime_exception,False,True,0,0,2.238875
full,155,unsafe_path,False,True,0,0,0.761167
full,156,runtime_exception,False,True,0,0,2.342208
full,157,unsafe_path,False,True,0,0,0.894416
full,158,runtime_exception,False,True,0,0,2.17525
full,159,unsafe_path,False,True,0,0,0.737333
full,160,runtime_exception,False,True,0,0,2.156208
full,161,unsafe_path,False,True,0,0,0.725417
full,162,runtime_exception,False,True,0,0,2.267333
full,163,unsafe_path,False,True,0,0,0.795166
full,164,runtime_exception,False,True,0,0,2.222042
full,165,unsafe_path,False,True,0,0,0.811417
full,166,runtime_exception,False,True,0,0,2.446083
full,167,unsafe_path,False,True,0,0,0.776
full,168,runtime_exception,False,True,0,0,2.605375
full,169,unsafe_path,False,True,0,0,0.821459
full,170,runtime_exception,False,True,0,0,3.954625
full,171,unsafe_path,False,True,0,0,1.109833
full,172,runtime_exception,False,True,0,0,2.816792
full,173,unsafe_path,False,True,0,0,0.827458
full,174,runtime_exception,False,True,0,0,2.538084
full,175,unsafe_path,False,True,0,0,1.0125
full,176,runtime_exception,False,True,0,0,2.336041
full,177,unsafe_path,False,True,0,0,0.786375
full,178,runtime_exception,False,True,0,0,3.043917
full,179,unsafe_path,False,True,0,0,0.854
full,180,runtime_exception,False,True,0,0,2.388667
full,181,unsafe_path,False,True,0,0,0.83975
full,182,runtime_exception,False,True,0,0,2.439167
full,183,unsafe_path,False,True,0,0,0.770209
full,184,runtime_exception,False,True,0,0,2.249
full,185,unsafe_path,False,True,0,0,1.478041
full,186,runtime_exception,False,True,0,0,2.5515
full,187,unsafe_path,False,True,0,0,0.780708
full,188,runtime_exception,False,True,0,0,2.261208
full,189,unsafe_path,False,True,0,0,1.058792
full,190,runtime_exception,False,True,0,0,2.251583
full,191,unsafe_path,False,True,0,0,0.877958
full,192,runtime_exception,False,True,0,0,2.939542
full,193,unsafe_path,False,True,0,0,0.941291
full,194,runtime_exception,False,True,0,0,2.354416
full,195,unsafe_path,False,True,0,0,0.834041
full,196,runtime_exception,False,True,0,0,2.340875
full,197,unsafe_path,False,True,0,0,0.90925
full,198,runtime_exception,False,True,0,0,2.590958
full,199,unsafe_path,False,True,0,0,0.964375
