trial,workflow_length,failure_position,sagamind_restored,naive_restored,sagamind_residual_mutations,naive_residual_mutations
0,2,1,True,False,0,1
1,10,1,True,False,0,1
2,8,3,True,False,0,3
3,7,6,True,False,0,6
4,9,6,True,False,0,6
5,7,4,True,False,0,4
6,10,4,True,False,0,4
7,2,1,True,False,0,1
8,5,3,True,False,0,3
9,2,1,True,False,0,1
10,11,6,True,False,0,6
11,9,6,True,False,0,6
12,3,2,True,False,0,2
13,9,4,True,False,0,4
14,10,8,True,False,0,8
15,9,8,True,False,0,8
16,8,4,True,False,0,4
17,6,1,True,False,0,1
18,10,3,True,False,0,3
19,10,7,True,False,0,7
20,12,10,True,False,0,10
21,8,1,True,False,0,1
22,10,5,True,False,0,5
23,4,2,True,False,0,2
24,10,7,True,False,0,7
25,10,4,True,False,0,4
26,3,1,True,False,0,1
27,9,4,True,False,0,4
28,11,5,True,False,0,5
29,8,1,True,False,0,1
30,4,2,True,False,0,2
31,4,1,True,False,0,1
32,2,1,True,False,0,1
33,8,2,True,False,0,2
34,8,5,True,False,0,5
35,12,10,True,False,0,10
36,7,5,True,False,0,5
37,9,4,True,False,0,4
38,9,4,True,False,0,4
39,7,1,True,False,0,1
40,12,9,True,False,0,9
41,6,4,True,False,0,4
42,11,1,True,False,0,1
43,3,1,True,False,0,1
44,9,6,True,False,0,6
45,8,3,True,False,0,3
46,10,1,True,False,0,1
47,4,2,True,False,0,2
48,2,1,True,False,0,1
49,12,5,True,False,0,5
50,11,4,True,False,0,4
51,12,2,True,False,0,2
52,10,3,True,False,0,3
53,2,1,True,False,0,1
54,6,3,True,False,0,3
55,3,1,True,False,0,1
56,10,2,True,False,0,2
57,5,3,True,False,0,3
58,10,4,True,False,0,4
59,3,1,True,False,0,1
60,10,1,True,False,0,1
61,10,5,True,False,0,5
62,2,1,True,False,0,1
63,9,7,True,False,0,7
64,3,2,True,False,0,2
65,8,4,True,False,0,4
66,8,3,True,False,0,3
67,12,8,True,False,0,8
68,4,3,True,False,0,3
69,9,1,True,False,0,1
70,8,3,True,False,0,3
71,5,3,True,False,0,3
72,7,1,True,False,0,1
73,12,8,True,False,0,8
74,4,1,True,False,0,1
75,4,2,True,False,0,2
76,11,10,True,False,0,10
77,3,2,True,False,0,2
78,8,5,True,False,0,5
79,6,3,True,False,0,3
80,8,3,True,False,0,3
81,4,1,True,False,0,1
82,2,1,True,False,0,1
83,4,3,True,False,0,3
84,11,10,True,False,0,10
85,5,1,True,False,0,1
86,11,6,True,False,0,6
87,8,4,True,False,0,4
88,6,4,True,False,0,4
89,2,1,True,False,0,1
90,5,2,True,False,0,2
91,7,2,True,False,0,2
92,9,7,True,False,0,7
93,10,4,True,False,0,4
94,3,2,True,False,0,2
95,5,1,True,False,0,1
96,7,6,True,False,0,6
97,7,2,True,False,0,2
98,3,2,True,False,0,2
99,7,6,True,False,0,6
100,8,3,True,False,0,3
101,12,8,True,False,0,8
102,5,2,True,False,0,2
103,5,1,True,False,0,1
104,10,2,True,False,0,2
105,8,7,True,False,0,7
106,12,11,True,False,0,11
107,2,1,True,False,0,1
108,9,1,True,False,0,1
109,4,2,True,False,0,2
110,12,8,True,False,0,8
111,8,1,True,False,0,1
112,7,5,True,False,0,5
113,4,3,True,False,0,3
114,10,2,True,False,0,2
115,3,2,True,False,0,2
116,2,1,True,False,0,1
117,8,7,True,False,0,7
118,4,3,True,False,0,3
119,4,2,True,False,0,2
120,11,8,True,False,0,8
121,10,7,True,False,0,7
122,9,3,True,False,0,3
123,10,1,True,False,0,1
124,4,3,True,False,0,3
125,12,8,True,False,0,8
126,8,3,True,False,0,3
127,6,1,True,False,0,1
128,5,2,True,False,0,2
129,11,4,True,False,0,4
130,2,1,True,False,0,1
131,7,5,True,False,0,5
132,7,1,True,False,0,1
133,3,2,True,False,0,2
134,6,5,True,False,0,5
135,3,2,True,False,0,2
136,3,1,True,False,0,1
137,9,5,True,False,0,5
138,3,1,True,False,0,1
139,7,2,True,False,0,2
140,3,1,True,False,0,1
141,6,4,True,False,0,4
142,4,1,True,False,0,1
143,12,3,True,False,0,3
144,8,1,True,False,0,1
145,8,4,True,False,0,4
146,11,5,True,False,0,5
147,7,6,True,False,0,6
148,9,2,True,False,0,2
149,9,2,True,False,0,2
150,2,1,True,False,0,1
151,12,1,True,False,0,1
152,8,3,True,False,0,3
153,5,4,True,False,0,4
154,2,1,True,False,0,1
155,8,3,True,False,0,3
156,11,4,True,False,0,4
157,10,6,True,False,0,6
158,11,3,True,False,0,3
159,12,1,True,False,0,1
160,4,2,True,False,0,2
161,7,1,True,False,0,1
162,6,2,True,False,0,2
163,5,2,True,False,0,2
164,6,5,True,False,0,5
165,9,8,True,False,0,8
166,12,8,True,False,0,8
167,9,6,True,False,0,6
168,6,4,True,False,0,4
169,12,4,True,False,0,4
170,4,1,True,False,0,1
171,2,1,True,False,0,1
172,6,5,True,False,0,5
173,5,4,True,False,0,4
174,2,1,True,False,0,1
175,8,5,True,False,0,5
176,12,6,True,False,0,6
177,2,1,True,False,0,1
178,5,2,True,False,0,2
179,7,4,True,False,0,4
180,5,3,True,False,0,3
181,7,3,True,False,0,3
182,2,1,True,False,0,1
183,11,5,True,False,0,5
184,7,2,True,False,0,2
185,3,1,True,False,0,1
186,3,2,True,False,0,2
187,12,8,True,False,0,8
188,8,3,True,False,0,3
189,10,2,True,False,0,2
190,12,10,True,False,0,10
191,10,2,True,False,0,2
192,12,11,True,False,0,11
193,10,3,True,False,0,3
194,2,1,True,False,0,1
195,4,2,True,False,0,2
196,5,4,True,False,0,4
197,12,7,True,False,0,7
198,11,5,True,False,0,5
199,6,5,True,False,0,5
200,9,2,True,False,0,2
201,2,1,True,False,0,1
202,10,3,True,False,0,3
203,3,2,True,False,0,2
204,5,2,True,False,0,2
205,4,1,True,False,0,1
206,9,5,True,False,0,5
207,6,2,True,False,0,2
208,11,1,True,False,0,1
209,3,1,True,False,0,1
210,8,2,True,False,0,2
211,9,8,True,False,0,8
212,11,5,True,False,0,5
213,12,5,True,False,0,5
214,11,6,True,False,0,6
215,8,6,True,False,0,6
216,6,4,True,False,0,4
217,7,1,True,False,0,1
218,11,10,True,False,0,10
219,9,2,True,False,0,2
220,4,1,True,False,0,1
221,6,3,True,False,0,3
222,2,1,True,False,0,1
223,9,6,True,False,0,6
224,7,6,True,False,0,6
225,9,3,True,False,0,3
226,6,5,True,False,0,5
227,8,2,True,False,0,2
228,8,7,True,False,0,7
229,7,3,True,False,0,3
230,11,3,True,False,0,3
231,4,3,True,False,0,3
232,10,3,True,False,0,3
233,6,4,True,False,0,4
234,3,1,True,False,0,1
235,2,1,True,False,0,1
236,7,4,True,False,0,4
237,7,1,True,False,0,1
238,4,2,True,False,0,2
239,8,4,True,False,0,4
240,8,5,True,False,0,5
241,7,2,True,False,0,2
242,6,1,True,False,0,1
243,12,6,True,False,0,6
244,11,3,True,False,0,3
245,9,8,True,False,0,8
246,6,2,True,False,0,2
247,6,1,True,False,0,1
248,3,2,True,False,0,2
249,11,9,True,False,0,9
250,7,2,True,False,0,2
251,7,5,True,False,0,5
252,5,1,True,False,0,1
253,9,4,True,False,0,4
254,9,6,True,False,0,6
255,2,1,True,False,0,1
256,11,10,True,False,0,10
257,4,2,True,False,0,2
258,6,2,True,False,0,2
259,7,2,True,False,0,2
260,10,3,True,False,0,3
261,2,1,True,False,0,1
262,7,5,True,False,0,5
263,10,8,True,False,0,8
264,9,4,True,False,0,4
265,9,5,True,False,0,5
266,3,2,True,False,0,2
267,4,1,True,False,0,1
268,6,4,True,False,0,4
269,11,1,True,False,0,1
270,8,2,True,False,0,2
271,4,3,True,False,0,3
272,6,2,True,False,0,2
273,3,2,True,False,0,2
274,3,1,True,False,0,1
275,4,3,True,False,0,3
276,5,1,True,False,0,1
277,2,1,True,False,0,1
278,4,1,True,False,0,1
279,11,4,True,False,0,4
280,3,2,True,False,0,2
281,7,6,True,False,0,6
282,6,4,True,False,0,4
283,10,5,True,False,0,5
284,11,5,True,False,0,5
285,10,3,True,False,0,3
286,11,9,True,False,0,9
287,3,1,True,False,0,1
288,5,3,True,False,0,3
289,5,2,True,False,0,2
290,6,5,True,False,0,5
291,11,6,True,False,0,6
292,11,4,True,False,0,4
293,7,3,True,False,0,3
294,3,2,True,False,0,2
295,8,2,True,False,0,2
296,5,1,True,False,0,1
297,4,1,True,False,0,1
298,2,1,True,False,0,1
299,6,2,True,False,0,2
300,7,5,True,False,0,5
301,6,5,True,False,0,5
302,8,3,True,False,0,3
303,5,3,True,False,0,3
304,7,5,True,False,0,5
305,9,5,True,False,0,5
306,4,1,True,False,0,1
307,5,1,True,False,0,1
308,9,3,True,False,0,3
309,7,4,True,False,0,4
310,5,1,True,False,0,1
311,12,8,True,False,0,8
312,8,7,True,False,0,7
313,7,3,True,False,0,3
314,6,4,True,False,0,4
315,12,3,True,False,0,3
316,3,2,True,False,0,2
317,8,1,True,False,0,1
318,3,2,True,False,0,2
319,7,1,True,False,0,1
320,9,7,True,False,0,7
321,11,5,True,False,0,5
322,9,3,True,False,0,3
323,3,2,True,False,0,2
324,4,3,True,False,0,3
325,6,3,True,False,0,3
326,11,6,True,False,0,6
327,12,8,True,False,0,8
328,2,1,True,False,0,1
329,3,2,True,False,0,2
330,4,3,True,False,0,3
331,9,5,True,False,0,5
332,8,2,True,False,0,2
333,11,6,True,False,0,6
334,6,4,True,False,0,4
335,12,9,True,False,0,9
336,4,1,True,False,0,1
337,4,1,True,False,0,1
338,6,5,True,False,0,5
339,4,1,True,False,0,1
340,10,9,True,False,0,9
341,12,1,True,False,0,1
342,10,8,True,False,0,8
343,2,1,True,False,0,1
344,7,4,True,False,0,4
345,2,1,True,False,0,1
346,7,4,True,False,0,4
347,11,1,True,False,0,1
348,11,3,True,False,0,3
349,6,5,True,False,0,5
350,10,4,True,False,0,4
351,4,1,True,False,0,1
352,11,1,True,False,0,1
353,11,9,True,False,0,9
354,6,4,True,False,0,4
355,3,1,True,False,0,1
356,6,1,True,False,0,1
357,8,6,True,False,0,6
358,3,2,True,False,0,2
359,8,4,True,False,0,4
360,12,2,True,False,0,2
361,2,1,True,False,0,1
362,8,3,True,False,0,3
363,4,2,True,False,0,2
364,9,1,True,False,0,1
365,2,1,True,False,0,1
366,10,5,True,False,0,5
367,9,7,True,False,0,7
368,7,2,True,False,0,2
369,5,4,True,False,0,4
370,8,5,True,False,0,5
371,8,5,True,False,0,5
372,3,2,True,False,0,2
373,9,1,True,False,0,1
374,2,1,True,False,0,1
375,2,1,True,False,0,1
376,11,6,True,False,0,6
377,7,2,True,False,0,2
378,9,8,True,False,0,8
379,3,2,True,False,0,2
380,12,2,True,False,0,2
381,4,2,True,False,0,2
382,7,1,True,False,0,1
383,9,3,True,False,0,3
384,6,5,True,False,0,5
385,8,1,True,False,0,1
386,11,9,True,False,0,9
387,4,2,True,False,0,2
388,11,5,True,False,0,5
389,12,4,True,False,0,4
390,9,2,True,False,0,2
391,5,3,True,False,0,3
392,5,4,True,False,0,4
393,9,8,True,False,0,8
394,4,1,True,False,0,1
395,5,4,True,False,0,4
396,10,8,True,False,0,8
397,9,2,True,False,0,2
398,8,4,True,False,0,4
399,6,3,True,False,0,3
400,7,2,True,False,0,2
401,2,1,True,False,0,1
402,3,2,True,False,0,2
403,11,8,True,False,0,8
404,6,2,True,False,0,2
405,9,4,True,False,0,4
406,3,1,True,False,0,1
407,3,1,True,False,0,1
408,2,1,True,False,0,1
409,8,2,True,False,0,2
410,10,9,True,False,0,9
411,2,1,True,False,0,1
412,4,3,True,False,0,3
413,8,2,True,False,0,2
414,6,4,True,False,0,4
415,12,7,True,False,0,7
416,10,2,True,False,0,2
417,4,2,True,False,0,2
418,11,10,True,False,0,10
419,11,4,True,False,0,4
420,9,8,True,False,0,8
421,5,1,True,False,0,1
422,10,6,True,False,0,6
423,9,2,True,False,0,2
424,7,4,True,False,0,4
425,11,1,True,False,0,1
426,4,3,True,False,0,3
427,2,1,True,False,0,1
428,7,4,True,False,0,4
429,10,4,True,False,0,4
430,7,6,True,False,0,6
431,3,2,True,False,0,2
432,7,4,True,False,0,4
433,6,4,True,False,0,4
434,5,2,True,False,0,2
435,5,3,True,False,0,3
436,9,4,True,False,0,4
437,4,3,True,False,0,3
438,9,1,True,False,0,1
439,6,1,True,False,0,1
440,3,1,True,False,0,1
441,3,2,True,False,0,2
442,4,3,True,False,0,3
443,6,5,True,False,0,5
444,10,7,True,False,0,7
445,4,3,True,False,0,3
446,12,5,True,False,0,5
447,4,1,True,False,0,1
448,5,2,True,False,0,2
449,11,3,True,False,0,3
450,11,2,True,False,0,2
451,10,8,True,False,0,8
452,2,1,True,False,0,1
453,12,6,True,False,0,6
454,8,5,True,False,0,5
455,6,1,True,False,0,1
456,4,2,True,False,0,2
457,6,1,True,False,0,1
458,12,10,True,False,0,10
459,10,7,True,False,0,7
460,7,1,True,False,0,1
461,8,6,True,False,0,6
462,9,7,True,False,0,7
463,4,3,True,False,0,3
464,8,6,True,False,0,6
465,3,1,True,False,0,1
466,8,2,True,False,0,2
467,4,2,True,False,0,2
468,8,1,True,False,0,1
469,8,5,True,False,0,5
470,12,5,True,False,0,5
471,2,1,True,False,0,1
472,5,4,True,False,0,4
473,7,3,True,False,0,3
474,3,2,True,False,0,2
475,4,1,True,False,0,1
476,11,8,True,False,0,8
477,4,2,True,False,0,2
478,6,4,True,False,0,4
479,6,3,True,False,0,3
480,4,2,True,False,0,2
481,11,4,True,False,0,4
482,2,1,True,False,0,1
483,10,2,True,False,0,2
484,4,2,True,False,0,2
485,7,3,True,False,0,3
486,4,3,True,False,0,3
487,2,1,True,False,0,1
488,6,1,True,False,0,1
489,11,5,True,False,0,5
490,11,1,True,False,0,1
491,7,4,True,False,0,4
492,5,4,True,False,0,4
493,6,3,True,False,0,3
494,3,1,True,False,0,1
495,4,2,True,False,0,2
496,10,1,True,False,0,1
497,7,4,True,False,0,4
498,3,1,True,False,0,1
499,11,7,True,False,0,7
500,5,2,True,False,0,2
501,10,4,True,False,0,4
502,3,1,True,False,0,1
503,12,6,True,False,0,6
504,3,1,True,False,0,1
505,10,3,True,False,0,3
506,11,9,True,False,0,9
507,3,2,True,False,0,2
508,10,1,True,False,0,1
509,6,4,True,False,0,4
510,6,4,True,False,0,4
511,2,1,True,False,0,1
512,2,1,True,False,0,1
513,2,1,True,False,0,1
514,8,1,True,False,0,1
515,9,7,True,False,0,7
516,2,1,True,False,0,1
517,11,9,True,False,0,9
518,4,3,True,False,0,3
519,2,1,True,False,0,1
520,11,9,True,False,0,9
521,7,1,True,False,0,1
522,2,1,True,False,0,1
523,5,1,True,False,0,1
524,12,1,True,False,0,1
525,6,1,True,False,0,1
526,11,3,True,False,0,3
527,12,4,True,False,0,4
528,9,8,True,False,0,8
529,5,3,True,False,0,3
530,9,1,True,False,0,1
531,8,4,True,False,0,4
532,7,3,True,False,0,3
533,10,4,True,False,0,4
534,11,5,True,False,0,5
535,11,3,True,False,0,3
536,5,2,True,False,0,2
537,3,1,True,False,0,1
538,7,5,True,False,0,5
539,12,9,True,False,0,9
540,4,3,True,False,0,3
541,6,3,True,False,0,3
542,12,1,True,False,0,1
543,12,8,True,False,0,8
544,9,8,True,False,0,8
545,12,10,True,False,0,10
546,2,1,True,False,0,1
547,12,7,True,False,0,7
548,12,1,True,False,0,1
549,6,4,True,False,0,4
550,12,9,True,False,0,9
551,4,1,True,False,0,1
552,10,8,True,False,0,8
553,12,3,True,False,0,3
554,9,7,True,False,0,7
555,3,2,True,False,0,2
556,8,4,True,False,0,4
557,2,1,True,False,0,1
558,4,2,True,False,0,2
559,9,4,True,False,0,4
560,10,1,True,False,0,1
561,4,3,True,False,0,3
562,8,5,True,False,0,5
563,3,1,True,False,0,1
564,9,2,True,False,0,2
565,6,5,True,False,0,5
566,2,1,True,False,0,1
567,4,1,True,False,0,1
568,12,11,True,False,0,11
569,10,8,True,False,0,8
570,3,1,True,False,0,1
571,4,3,True,False,0,3
572,3,1,True,False,0,1
573,9,1,True,False,0,1
574,10,6,True,False,0,6
575,4,1,True,False,0,1
576,11,9,True,False,0,9
577,6,1,True,False,0,1
578,5,3,True,False,0,3
579,8,2,True,False,0,2
580,3,2,True,False,0,2
581,12,2,True,False,0,2
582,8,6,True,False,0,6
583,2,1,True,False,0,1
584,11,8,True,False,0,8
585,3,2,True,False,0,2
586,2,1,True,False,0,1
587,12,6,True,False,0,6
588,10,6,True,False,0,6
589,8,5,True,False,0,5
590,9,4,True,False,0,4
591,7,1,True,False,0,1
592,5,2,True,False,0,2
593,7,5,True,False,0,5
594,6,3,True,False,0,3
595,3,1,True,False,0,1
596,9,7,True,False,0,7
597,7,3,True,False,0,3
598,11,3,True,False,0,3
599,7,4,True,False,0,4
600,3,1,True,False,0,1
601,4,3,True,False,0,3
602,12,10,True,False,0,10
603,3,1,True,False,0,1
604,10,7,True,False,0,7
605,9,7,True,False,0,7
606,7,2,True,False,0,2
607,9,7,True,False,0,7
608,9,6,True,False,0,6
609,2,1,True,False,0,1
610,6,1,True,False,0,1
611,11,7,True,False,0,7
612,9,7,True,False,0,7
613,2,1,True,False,0,1
614,7,4,True,False,0,4
615,5,3,True,False,0,3
616,11,3,True,False,0,3
617,8,4,True,False,0,4
618,3,1,True,False,0,1
619,9,5,True,False,0,5
620,2,1,True,False,0,1
621,11,9,True,False,0,9
622,9,1,True,False,0,1
623,8,1,True,False,0,1
624,4,3,True,False,0,3
625,9,8,True,False,0,8
626,3,1,True,False,0,1
627,11,4,True,False,0,4
628,9,7,True,False,0,7
629,11,9,True,False,0,9
630,7,2,True,False,0,2
631,12,3,True,False,0,3
632,12,5,True,False,0,5
633,4,2,True,False,0,2
634,5,2,True,False,0,2
635,4,3,True,False,0,3
636,5,1,True,False,0,1
637,11,10,True,False,0,10
638,12,3,True,False,0,3
639,3,1,True,False,0,1
640,10,7,True,False,0,7
641,5,4,True,False,0,4
642,5,4,True,False,0,4
643,2,1,True,False,0,1
644,2,1,True,False,0,1
645,2,1,True,False,0,1
646,11,10,True,False,0,10
647,7,1,True,False,0,1
648,2,1,True,False,0,1
649,3,2,True,False,0,2
650,3,2,True,False,0,2
651,9,3,True,False,0,3
652,9,3,True,False,0,3
653,6,4,True,False,0,4
654,6,2,True,False,0,2
655,11,9,True,False,0,9
656,10,6,True,False,0,6
657,10,5,True,False,0,5
658,7,4,True,False,0,4
659,12,9,True,False,0,9
660,10,7,True,False,0,7
661,2,1,True,False,0,1
662,3,2,True,False,0,2
663,3,1,True,False,0,1
664,11,3,True,False,0,3
665,11,3,True,False,0,3
666,4,1,True,False,0,1
667,3,2,True,False,0,2
668,4,1,True,False,0,1
669,8,1,True,False,0,1
670,6,4,True,False,0,4
671,7,3,True,False,0,3
672,6,2,True,False,0,2
673,7,4,True,False,0,4
674,5,4,True,False,0,4
675,12,1,True,False,0,1
676,3,1,True,False,0,1
677,6,2,True,False,0,2
678,7,5,True,False,0,5
679,8,1,True,False,0,1
680,12,6,True,False,0,6
681,7,1,True,False,0,1
682,3,1,True,False,0,1
683,2,1,True,False,0,1
684,11,6,True,False,0,6
685,9,5,True,False,0,5
686,11,8,True,False,0,8
687,3,1,True,False,0,1
688,9,1,True,False,0,1
689,7,1,True,False,0,1
690,12,10,True,False,0,10
691,6,5,True,False,0,5
692,6,4,True,False,0,4
693,5,1,True,False,0,1
694,3,1,True,False,0,1
695,11,10,True,False,0,10
696,12,5,True,False,0,5
697,5,3,True,False,0,3
698,6,4,True,False,0,4
699,5,3,True,False,0,3
700,10,1,True,False,0,1
701,11,2,True,False,0,2
702,11,2,True,False,0,2
703,3,1,True,False,0,1
704,11,9,True,False,0,9
705,6,3,True,False,0,3
706,8,1,True,False,0,1
707,2,1,True,False,0,1
708,7,6,True,False,0,6
709,12,10,True,False,0,10
710,9,5,True,False,0,5
711,10,8,True,False,0,8
712,6,1,True,False,0,1
713,5,2,True,False,0,2
714,5,3,True,False,0,3
715,5,4,True,False,0,4
716,7,3,True,False,0,3
717,9,3,True,False,0,3
718,11,1,True,False,0,1
719,8,6,True,False,0,6
720,3,2,True,False,0,2
721,9,8,True,False,0,8
722,4,1,True,False,0,1
723,3,1,True,False,0,1
724,6,2,True,False,0,2
725,6,3,True,False,0,3
726,2,1,True,False,0,1
727,9,6,True,False,0,6
728,11,3,True,False,0,3
729,2,1,True,False,0,1
730,3,1,True,False,0,1
731,6,4,True,False,0,4
732,2,1,True,False,0,1
733,6,3,True,False,0,3
734,2,1,True,False,0,1
735,5,2,True,False,0,2
736,8,2,True,False,0,2
737,11,3,True,False,0,3
738,5,2,True,False,0,2
739,11,2,True,False,0,2
740,7,2,True,False,0,2
741,4,2,True,False,0,2
742,12,2,True,False,0,2
743,6,3,True,False,0,3
744,12,7,True,False,0,7
745,2,1,True,False,0,1
746,11,8,True,False,0,8
747,12,1,True,False,0,1
748,10,3,True,False,0,3
749,10,4,True,False,0,4
750,11,10,True,False,0,10
751,12,11,True,False,0,11
752,7,5,True,False,0,5
753,4,1,True,False,0,1
754,12,10,True,False,0,10
755,6,5,True,False,0,5
756,2,1,True,False,0,1
757,11,2,True,False,0,2
758,7,6,True,False,0,6
759,7,3,True,False,0,3
760,3,1,True,False,0,1
761,4,1,True,False,0,1
762,10,7,True,False,0,7
763,5,4,True,False,0,4
764,10,4,True,False,0,4
765,7,3,True,False,0,3
766,6,4,True,False,0,4
767,4,2,True,False,0,2
768,8,7,True,False,0,7
769,4,1,True,False,0,1
770,12,7,True,False,0,7
771,12,3,True,False,0,3
772,3,2,True,False,0,2
773,2,1,True,False,0,1
774,10,7,True,False,0,7
775,4,2,True,False,0,2
776,6,4,True,False,0,4
777,8,5,True,False,0,5
778,2,1,True,False,0,1
779,7,3,True,False,0,3
780,5,3,True,False,0,3
781,8,1,True,False,0,1
782,12,8,True,False,0,8
783,8,7,True,False,0,7
784,7,1,True,False,0,1
785,8,3,True,False,0,3
786,11,3,True,False,0,3
787,11,1,True,False,0,1
788,7,1,True,False,0,1
789,8,3,True,False,0,3
790,4,1,True,False,0,1
791,3,2,True,False,0,2
792,11,4,True,False,0,4
793,9,1,True,False,0,1
794,2,1,True,False,0,1
795,8,5,True,False,0,5
796,3,2,True,False,0,2
797,8,1,True,False,0,1
798,9,2,True,False,0,2
799,3,2,True,False,0,2
800,5,4,True,False,0,4
801,3,2,True,False,0,2
802,9,6,True,False,0,6
803,6,2,True,False,0,2
804,12,8,True,False,0,8
805,3,1,True,False,0,1
806,5,4,True,False,0,4
807,2,1,True,False,0,1
808,7,1,True,False,0,1
809,10,1,True,False,0,1
810,3,1,True,False,0,1
811,9,4,True,False,0,4
812,7,2,True,False,0,2
813,2,1,True,False,0,1
814,9,1,True,False,0,1
815,4,2,True,False,0,2
816,12,4,True,False,0,4
817,7,1,True,False,0,1
818,12,8,True,False,0,8
819,2,1,True,False,0,1
820,2,1,True,False,0,1
821,12,9,True,False,0,9
822,9,5,True,False,0,5
823,10,6,True,False,0,6
824,2,1,True,False,0,1
825,3,1,True,False,0,1
826,2,1,True,False,0,1
827,10,2,True,False,0,2
828,12,5,True,False,0,5
829,4,2,True,False,0,2
830,6,4,True,False,0,4
831,12,6,True,False,0,6
832,8,7,True,False,0,7
833,5,2,True,False,0,2
834,7,1,True,False,0,1
835,2,1,True,False,0,1
836,7,5,True,False,0,5
837,10,3,True,False,0,3
838,8,5,True,False,0,5
839,10,1,True,False,0,1
840,6,1,True,False,0,1
841,4,1,True,False,0,1
842,2,1,True,False,0,1
843,5,3,True,False,0,3
844,5,3,True,False,0,3
845,4,3,True,False,0,3
846,10,1,True,False,0,1
847,7,2,True,False,0,2
848,2,1,True,False,0,1
849,9,4,True,False,0,4
850,4,3,True,False,0,3
851,2,1,True,False,0,1
852,10,6,True,False,0,6
853,5,3,True,False,0,3
854,7,5,True,False,0,5
855,10,3,True,False,0,3
856,9,3,True,False,0,3
857,5,3,True,False,0,3
858,3,2,True,False,0,2
859,8,2,True,False,0,2
860,5,1,True,False,0,1
861,2,1,True,False,0,1
862,11,1,True,False,0,1
863,10,7,True,False,0,7
864,11,5,True,False,0,5
865,11,3,True,False,0,3
866,10,3,True,False,0,3
867,3,2,True,False,0,2
868,10,9,True,False,0,9
869,8,3,True,False,0,3
870,8,2,True,False,0,2
871,10,5,True,False,0,5
872,10,4,True,False,0,4
873,6,4,True,False,0,4
874,4,3,True,False,0,3
875,12,9,True,False,0,9
876,10,5,True,False,0,5
877,5,2,True,False,0,2
878,4,1,True,False,0,1
879,11,4,True,False,0,4
880,9,5,True,False,0,5
881,4,1,True,False,0,1
882,5,1,True,False,0,1
883,9,7,True,False,0,7
884,5,3,True,False,0,3
885,4,3,True,False,0,3
886,8,3,True,False,0,3
887,9,7,True,False,0,7
888,4,2,True,False,0,2
889,3,1,True,False,0,1
890,10,9,True,False,0,9
891,2,1,True,False,0,1
892,11,2,True,False,0,2
893,11,4,True,False,0,4
894,11,5,True,False,0,5
895,4,3,True,False,0,3
896,8,3,True,False,0,3
897,4,3,True,False,0,3
898,10,8,True,False,0,8
899,11,6,True,False,0,6
900,6,4,True,False,0,4
901,10,6,True,False,0,6
902,6,3,True,False,0,3
903,4,2,True,False,0,2
904,7,4,True,False,0,4
905,7,4,True,False,0,4
906,6,2,True,False,0,2
907,3,2,True,False,0,2
908,9,3,True,False,0,3
909,5,3,True,False,0,3
910,3,1,True,False,0,1
911,9,5,True,False,0,5
912,6,3,True,False,0,3
913,5,2,True,False,0,2
914,5,1,True,False,0,1
915,9,8,True,False,0,8
916,10,2,True,False,0,2
917,3,1,True,False,0,1
918,8,6,True,False,0,6
919,11,4,True,False,0,4
920,10,8,True,False,0,8
921,3,2,True,False,0,2
922,4,2,True,False,0,2
923,4,1,True,False,0,1
924,10,2,True,False,0,2
925,2,1,True,False,0,1
926,12,3,True,False,0,3
927,11,2,True,False,0,2
928,10,7,True,False,0,7
929,3,2,True,False,0,2
930,8,2,True,False,0,2
931,6,5,True,False,0,5
932,8,4,True,False,0,4
933,10,3,True,False,0,3
934,7,2,True,False,0,2
935,8,2,True,False,0,2
936,9,7,True,False,0,7
937,8,7,True,False,0,7
938,11,3,True,False,0,3
939,5,2,True,False,0,2
940,11,2,True,False,0,2
941,5,1,True,False,0,1
942,6,4,True,False,0,4
943,11,2,True,False,0,2
944,7,3,True,False,0,3
945,7,4,True,False,0,4
946,4,2,True,False,0,2
947,5,2,True,False,0,2
948,6,1,True,False,0,1
949,10,3,True,False,0,3
950,4,3,True,False,0,3
951,12,7,True,False,0,7
952,4,2,True,False,0,2
953,9,1,True,False,0,1
954,6,3,True,False,0,3
955,12,6,True,False,0,6
956,12,9,True,False,0,9
957,11,1,True,False,0,1
958,11,3,True,False,0,3
959,6,3,True,False,0,3
960,7,5,True,False,0,5
961,6,2,True,False,0,2
962,2,1,True,False,0,1
963,11,5,True,False,0,5
964,4,1,True,False,0,1
965,6,2,True,False,0,2
966,11,9,True,False,0,9
967,2,1,True,False,0,1
968,8,3,True,False,0,3
969,8,7,True,False,0,7
970,9,2,True,False,0,2
971,4,1,True,False,0,1
972,8,2,True,False,0,2
973,9,4,True,False,0,4
974,5,3,True,False,0,3
975,10,7,True,False,0,7
976,7,3,True,False,0,3
977,12,11,True,False,0,11
978,5,1,True,False,0,1
979,2,1,True,False,0,1
980,3,2,True,False,0,2
981,9,3,True,False,0,3
982,3,1,True,False,0,1
983,11,1,True,False,0,1
984,7,2,True,False,0,2
985,12,4,True,False,0,4
986,3,1,True,False,0,1
987,10,7,True,False,0,7
988,2,1,True,False,0,1
989,7,5,True,False,0,5
990,4,3,True,False,0,3
991,12,8,True,False,0,8
992,6,2,True,False,0,2
993,9,8,True,False,0,8
994,10,9,True,False,0,9
995,12,1,True,False,0,1
996,10,8,True,False,0,8
997,6,1,True,False,0,1
998,10,3,True,False,0,3
999,2,1,True,False,0,1
